Left,
Label,Y
Bar0,0.7770000000000001
Bar1,0.015000000000000022
Bar2,0.05399999999999976
