Right,
Label,Y
Bar0,0.6201492537313433
Bar1,0.1477611940298505
Bar2,0.3626865671641791
