Left,
Label,Y
Bar0,1.710365853658537
Bar1,1.4085365853658538
Bar2,0.4664634146341461
Bar3,0.29725609756097576
Bar4,0.35213414634146367
Bar5,0.2515243902439026
