Right,
Label,Y
Bar0,1.0236486486486487
Bar1,0.8851351351351353
Bar2,0.8851351351351355
Bar3,0.635135135135135
Bar4,0.9932432432432436
Bar5,0.3445945945945944
